{
  "pos_ate_m": 0.15080988401218964,
  "rot_rmse_deg": 4.029013224212568
}