{
  "pos_ate_m": 0.08864567449364494,
  "rot_rmse_deg": 2.8620735640442176
}