{
  "pos_ate_m": 0.09092246649783377,
  "rot_rmse_deg": 3.439553712347264
}