{
  "pos_ate_m": 0.10151807348222192,
  "rot_rmse_deg": 1.9135824176281977
}