{
  "pos_ate_m": 0.08651123955235054,
  "rot_rmse_deg": 2.8559428978990606
}