{
  "pos_ate_m": 0.07483060293762941,
  "rot_rmse_deg": 1.9189413207279749
}