{
  "pos_ate_m": 0.0678959714205008,
  "rot_rmse_deg": 1.8459752947911054
}