{
  "pos_ate_m": 0.07686953125408322,
  "rot_rmse_deg": 2.6904404123218706
}