{
  "pos_ate_m": 0.0840957044832187,
  "rot_rmse_deg": 1.6068182809231804
}